{
  "$schema": "https://schema.management.azure.com/schemas/0.1.2-preview/CreateUIDefinition.MultiVm.json#",
  "handler": "Microsoft.Azure.CreateUIDef",
  "version": "0.1.2-preview",
  "parameters": {
    "basics": [],
    "steps": [
      {
        "name": "applicationSettings",
        "label": "Application settings",
        "subLabel": {
          "preValidation": "Configure the infrastructure settings",
          "postValidation": "Done"
        },
        "bladeTitle": "Application settings",
        "elements": [
          {
            "name": "storageAccount",
            "type": "Microsoft.Storage.MultiStorageAccountCombo",
            "label": "Storage account",
            "toolTip": "Specify storage account name",
            "constraints": {
              "allowedTypes": [
                "Premium_LRS",
                "Standard_LRS",
                "Standard_GRS"
              ]
            },
            "options": {
              "hideExisting": true
            },
            "visible": true
          }
        ]
      }
    ],
    "outputs": {
      "storageAccountName": "[steps('applicationSettings').storageAccount.name]",
      "storageAccountType": "[steps('applicationSettings').storageAccount.type]",
      "location": "[location()]"
    }
  }
}