{
    "$schema": "https://schema.management.azure.com/schemas/2019-04-01/deploymentTemplate.json#",
    "contentVersion": "1.0.0.0",
    "parameters": {
        "location": {
            "type": "string",
            "defaultValue": "[resourceGroup().location]"
        },
        "storageAccountType": {
            "type": "string",
            "defaultValue": "Standard_LRS"
        },
        "storageAccountName": {
            "type": "string",
            "metadata": {
                "description": "Storage account name for the Hello World managed application"
              }
        }
    },
    "variables": {
        "storageAccountId":  "[resourceId('Microsoft.Storage/storageAccounts', parameters('storageAccountName'))]"
    },
    "resources": [
        {
            "type": "Microsoft.Storage/storageAccounts",
            "name": "[parameters('storageAccountName')]",
            "apiVersion": "2018-02-01",
            "location": "[parameters('location')]",
            "sku": {
                "name": "[parameters('storageAccountType')]"
            },
            "kind": "Storage"
        },
        {
                "apiVersion": "2018-02-01",
    "name": "pid-1af03e76-4403-4298-a570-2d65516a794b", // use your generated GUID here
    "type": "Microsoft.Resources/deployments",
    "properties": {
        "mode": "Incremental",
        "template": {
            "$schema": "https://schema.management.azure.com/schemas/2015-01-01/deploymentTemplate.json#",
            "contentVersion": "1.0.0.0",
            "resources": []
        }
    }
        }
    ],
    "outputs": {
        "storageEndpoint": {
            "type": "string",
            "value": "[reference(variables('storageAccountId'), '2019-04-01').primaryEndpoints.blob]"
        },
        "storageAccountId":{
            "type": "string",
            "value": "[variables('storageAccountId')]"
        }
    }
}